YLARS,Yval
12.7686460235427,12.8054691153759
7.71129801611654,7.74835577455485
6.55368690245549,6.69223691320614
8.28987999570301,8.3622213368009
9.16820231894597,9.21598899753404
8.5782807340423,8.55865016356991
10.2020058342875,10.125647035504
7.13530674787551,7.12675353253578
8.14646138598931,8.11634929078386
4.73017658637005,4.85100848025191
9.29393089064821,9.30966885864205
7.87644751882276,7.80766069998915
4.93293921270034,5.18715771647936
5.66875937686109,5.55153688915913
10.6816577508689,10.6949864704173
7.88056882420897,7.88039031341278
10.3269553697117,10.2900287519584
6.44421626083604,6.40877255888129
5.72540677081855,5.54939081422127
7.58791417498814,7.62330324368372
8.98028285457452,8.91361127959508
8.73015222051438,8.69906407201181
9.46137088262345,9.42963798844004
8.09984219103232,8.13224665563643
7.5991127377253,7.60618689654271
3.48875340548287,3.40754881102894
11.0368280351049,11.0122263865577
7.52720499118565,7.53778172330984
8.39430657105693,8.37218720954279
5.93467935432774,5.86798228468199
8.96170703858937,8.93703571851159
13.6698316390769,13.8569614581048
6.88739360723912,6.84435020500503
4.95719375864828,5.06247549437169
9.17395257447775,9.24449334421057
7.23573864396253,7.23638821576038
7.93237539962173,7.93292100881457
7.54682579283421,7.544349224904
9.63823546010234,9.65626449382494
10.2502243781038,10.246380019661
8.90057382843337,8.99462386739837
6.68507638072855,6.69905588317113
9.00578989169152,8.97167798121514
5.08668218409676,5.12348236720893
13.3612390714028,13.397582599627
5.74186285327917,5.76629620459256
8.5856058917002,8.54768440519768
10.2003172372608,10.2106048795354
9.84588598898535,9.86772717448707
4.196914926916,4.21899846439933
8.68693146257298,8.73363067624879
9.32299432817554,9.34698670960957
9.31482520387098,9.24047873335565
7.71455523985611,7.64892428812624
10.147998872692,10.0701731944859
7.36437501056433,7.32210654035484
8.64188133094533,8.58510213620232
11.4858406468379,11.3950948271445
6.40066233519004,6.44960351468183
5.85763528998702,5.80177322176041
9.67102475119624,9.66041775359629
5.37706237902882,5.43767814370079
7.96003977051885,7.96715593973984
6.18895657943255,6.22513530954433
11.9726250497668,11.9976059265352
6.89821398181679,6.93232578222492
7.38479743880305,7.4011214188971
8.45491700808748,8.48384781740081
7.74524361078001,7.89784358766183
9.51102233464286,9.52848817790778
8.30517048653452,8.30151380437983
6.19481070575747,6.12156122095129
9.9423542397637,9.92716484434721
4.22910652715596,4.14488950510621
9.43212388551691,9.45611927163716
10.815000296024,10.8197916674176
6.93648205646972,6.97097770935346
3.53500804008591,3.48634528040846
8.84667153753828,8.76970014498862
9.33082190720194,9.34891292942148
8.3309465576576,8.32878570166937
6.43872936454383,6.51339488488472
8.04762279144357,7.92047571876406
10.4308812971649,10.4302182329665
6.30679778489269,6.26728716772977
5.09381437979285,5.11534926165743
8.81021364843972,8.82319663904862
9.19246919567129,9.16060554590536
9.63527480352822,9.63230863115023
5.21563613208172,5.18806095119297
10.4007609863418,10.4641179988393
7.50116887963936,7.52844991734018
10.1272411038166,10.1479572281822
6.5896144249665,6.57323821913347
11.0278840388825,11.0461748575528
7.12959260342491,7.28611463991387
7.89726379202848,7.95460038906675
5.09995526083264,4.98370502634395
8.99344372657712,8.94296596601534
6.92068671065288,6.86670432422753
10.3538861338132,10.3854389078661
8.25645596334368,8.26815727233236
8.36578445079297,8.32440598030346
4.47068238871447,4.17106012182259
8.58275230784191,8.42766161955304
4.7650267400625,4.62164476081096
8.06496241406137,8.01907965502546
6.44375186910385,6.45171939536935
10.3999859490055,10.3419138966096
10.5025248344544,10.6403933661893
6.89152184807116,6.92767759226555
5.84508408654332,5.9255731067675
9.28183273554878,9.3169050844627
5.0273541809247,5.03296804700667
7.46133544469756,7.36981305034609
5.6203929059975,5.66026951048219
9.31413931050102,9.30593319044146
9.20888877877194,9.22215925308989
9.36554012491259,9.43249290343543
8.63320467102806,8.63367102197587
8.22378645667323,8.20953065948927
5.09956569322754,5.04113259379742
8.92389529061048,8.91756419052984
8.28975585549037,8.27256389031348
8.4125756303357,8.41154093338184
7.81172363895078,7.85194369538727
8.13047184890166,8.13256725755014
7.87608703895445,7.86284481972581
13.7500646311944,13.7331103085897
7.32582356448382,7.26271369516073
7.5203617107706,7.52055720759652
7.56794378097389,7.54786475286843
8.12223964129869,8.13577812959239
5.50702608779992,5.48853761884209
8.79061144448536,8.77474442469934
11.6708569706,11.7710497965018
9.06883501799701,9.07091737135125
3.653458059064,3.76841009360558
7.65509628277701,7.5923556118868
9.6918375321344,9.64483258912159
7.54037882750836,7.55262734502147
4.98774113404062,4.98323446106492
11.2225035852039,11.2311936685524
6.66537874109425,6.67854375786778
9.87738735504312,9.89058473957398
4.74198008835383,4.81625636716341
6.47962341087593,6.43057939009474
8.7799545133065,8.76430639388945
9.3241841396354,9.37548123760158
7.00347282866436,7.00664270745914
9.61197840268302,9.55401150283372
10.6568570519538,10.6236990657138
8.80004551380327,8.81978930978734
4.84152328373506,4.81043775946334
11.0850271949711,11.129009306166
6.39780409400891,6.40224600249481
5.80491540403694,5.80265636367912
9.28366269906773,9.28362031971576
8.02198849689085,7.97237648130263
9.02428086406599,9.03507115507531
8.29673616909979,8.30927542744441
9.05625687607153,9.0935490407369
7.30563472312939,7.27988845972295
6.05424286568866,6.02323039488594
8.72660965721942,8.5428376340332
6.61359559262838,6.55311576632736
9.76368163643605,9.75277103273442
9.87623007643674,9.77640899421373
9.20864847913157,9.23446577388915
7.06015071805935,7.14853641201789
7.63462589561193,7.86809309918038
3.12895623882212,3.16062206418887
10.4838802882488,10.4610757601639
7.97221373981457,7.97508388811529
6.58887226722986,6.6880069706946
8.53185943953724,8.53589733741546
8.93082897650709,8.95122052928777
6.43005629899279,6.32041644987207
8.24623803941255,8.30648218159126
5.97868071599671,5.95990134719908
7.95175171183334,7.95335585461207
10.7156118400927,10.6651038257868
6.82973028098903,6.81060346427162
8.242394752646,8.22077686875486
10.299583315797,10.3711245563311
5.90100892517988,5.88085540082029
5.73998000328064,5.75500089910527
6.37070282228702,6.31607735768651
10.4187780836457,10.4660633598718
6.8445452358538,6.8233534380047
12.33956828869,12.3714833109877
7.35210988941031,7.35583986964935
10.5741269114442,10.6052194940524
4.77560813908323,4.82270256214286
9.11489098259692,9.11544016166371
9.8690912059373,9.91532184219238
10.9636306017538,10.8779350994186
8.17439624155178,8.0876911876975
9.07339749088613,9.02663897198482
7.31457581615854,7.25357579184142
10.547359855048,9.70636617209037
3.560945444583,3.39987091580017
8.70955061795226,8.71694017060899
5.95362342567189,5.91075369052681
5.55435680778983,5.59762852950759
7.17144654681407,7.13917848740423
9.03437117116328,9.11000917503642
9.2131410621717,9.2643945125493
8.41734636311116,8.34149195102948
5.28170009123301,5.26621409631801
8.22088595309217,8.26888055710518
7.0510906746719,7.07353794365518
10.0974307473675,10.041451638273
9.49049806271164,9.43631653717483
10.6012776835725,10.5176812226068
8.1805553566484,8.22855140148125
8.97481541245622,8.93126376652183
3.82528002927679,3.78315986603268
9.34037728829031,9.3109409424446
9.13278698917757,9.11397469840258
4.35342687414666,4.40653203525202
5.64295973063026,5.56837558219651
8.75657243250218,8.75856895404869
10.4106819954872,10.4418292960759
9.24987239877137,9.31213344997265
5.61543878039742,5.74617782112795
6.41254851556774,6.41432884262501
9.67708433311633,9.72067818193534
9.0453528178618,9.03193829728004
5.85659337562346,5.66328003367387
13.5176480637479,13.4453380744248
9.06567070536477,9.10456443201018
9.33604228285895,9.30372686995976
4.6261371230673,4.38548579884009
7.66877752716883,7.62482633710631
6.23676607058828,6.08493874370961
10.1293379916517,10.1053054593903
4.39355743145727,4.40463337011786
7.14954887202567,7.08896072100828
7.95049374467612,7.93605432784178
9.89331043583676,9.85023241174047
4.73972715389517,4.65547756941154
7.62275484729294,7.70504821046365
9.72235131427729,9.84019155644626
8.90176928095948,8.87831319605542
6.49369283328695,6.4154763035385
10.1320639788942,10.1860455287073
6.57458848587912,6.58931067271849
10.0007245873017,9.98693079339166
8.03063183188272,7.98874239299129
6.83715477536027,6.8431970853583
5.47537634868093,5.45823415965665
9.59053104671336,9.57765538711948
8.49658711258182,8.50658861136892
7.57101062399907,7.49369138440817
7.83946467790304,7.89603525559173
8.93346388068531,8.93661631028621
6.27846471025374,6.21703804113789
10.1643272752876,10.1886785220162
7.27100784234726,7.25610206236024
10.0297436634082,9.96235097752579
11.7600801576131,11.7034848739234
8.0030268993193,8.05836963278784
7.74264905734067,7.7195236134807
7.43044713742689,7.42418445708963
5.23506635112954,5.14969364929469
10.3057148179627,10.4481370153014
6.94206431866948,6.87136826420881
8.35899139372903,8.33259568197214
6.11945512924615,6.11172223863194
8.98744796081188,8.93242241829526
8.59412240270073,8.58107393712331
6.77171433500135,6.70803552135366
4.5887883975201,4.51708278139303
9.36848758815303,9.24039774735309
5.57931368082899,5.51126970413419
9.5460169247699,9.54190617648531
8.30656873536267,8.30173677891107
8.76609064528895,8.78410912183345
5.69111751114872,5.72288633833319
9.14250554099008,9.14411078677499
6.95365235677228,7.04060351192501
7.8862573577113,7.8742469954567
9.8785037619408,9.84196543412417
7.70760535348036,7.71392630759675
4.41195332547886,4.53846200144415
9.86286735219212,9.82277469372198
11.7049787009981,11.7328852217298
8.23960819641368,8.19895854738705
4.73460764488568,4.68752594386729
8.62490224265505,8.63141943436306
10.6098398869214,10.7357588131983
8.17981943541154,8.16408784930835
6.9682055429541,7.11022046676385
9.77405904184495,9.76678681327712
6.54459015771503,6.47203424598417
9.98711489437161,10.0508088683703
6.95424181955873,6.92216369653914
8.57814030721235,8.45479572215331
9.77864163523534,9.80513803305096
8.70650649787756,8.67474016156034
5.97523786537078,5.90734552313233
6.57696649131959,6.57403346505365
8.3126147865728,8.32293432067799
11.7695700568649,11.7828833338998
5.04977832381451,5.04878363373881
6.72379714714152,6.61789991784658
8.36310856870341,8.36995202593822
8.52033727514509,8.49331614373464
7.00882796068847,6.98098640133835
9.52716906744561,9.45746600806357
8.40400104651343,8.39245867632098
7.50209825796882,7.53616711148808
7.12479296907138,7.0999956003352
8.89379401064401,8.87706251009863
5.16861688794062,5.13455879412674
11.1183030314648,11.1191670576919
10.7254125605416,10.9544962682408
5.08030190111744,5.69973753831041
6.60218970210631,6.61156787985703
10.6988556000354,10.7385843754147
7.15391718735182,7.12558161645421
6.98516820181932,6.97105645904099
6.35922248105867,6.26745910425333
11.3095837993596,11.3684408596366
10.7327915780389,10.7036858436841
7.96962191443106,8.00613074748009
7.06011171611716,7.07431707112294
7.60011050595109,7.59113615498656
1.5512407969651,1.43801734486589
11.4327683260835,11.4503702663109
7.44480837987106,7.4627076645876
6.28933025540875,6.30206259610534
5.959069494405,6.05053491330269
8.61582844224023,8.55647414940901
10.9505262630075,11.012357956167
8.92465120784366,8.95425588358923
6.99293522031275,7.00385793956286
8.21018895721227,8.19159569084255
5.23606124554249,5.24511955657694
8.95075108249074,8.95608829386373
6.82843694065805,6.87743469104004
9.44341110300367,9.5189495952156
11.1218158117421,11.1252546445819
7.45496677084283,7.4593377717313
4.4485148060645,4.58495463735743
8.08387443544091,8.02834795611961
9.13241860344898,9.12502135334622
7.84864523726754,7.86988749972619
8.64635567679966,8.65272863418576
10.2466988002516,10.1815400027648
6.21596359926985,6.30664235803395
8.80212773672999,8.77117762673741
7.61721646130602,7.75559322490905
5.43326008351711,5.63693725327316
7.345115714394,7.31559014891299
8.61007755288333,8.57409267730233
8.09174213084012,8.08170877388445
10.2665466299441,10.2197739536496
7.11434691827738,7.07580205884212
10.2934305820365,10.3072508571238
10.427909523809,10.285113232605
5.61515394005806,5.68831305534198
5.19736474474617,5.1858280822742
9.8159750137554,9.87343513366959
9.92140093961541,10.0181435110638
7.8428127630403,7.82139894975321
7.11936684483314,7.24134833609807
8.85413335280466,8.84027533218188
6.07190499399318,6.14586585992004
7.03760458367039,7.09261372262255
10.3772453912282,10.2628806698598
8.00144637912505,8.00763920544114
8.63144918564809,8.60597306719376
10.1254380619253,10.1075802914928
5.99156330820967,5.97391478176224
10.6215389414743,10.5901410368525
7.08344898296611,7.15547407432183
6.98419804981386,7.00823236042664
6.23597273628487,6.21430715859921
11.4222892114831,11.5018070222715
6.60045828406295,6.58628668155083
8.87920371306062,8.84213854024622
7.87330151428923,7.93325994832587
9.05293677977868,9.02812462233421
4.11114216928682,4.0979433094665
9.89108704389813,9.89558725814422
5.47981950585278,5.82927954340853
9.16658062621974,9.15490903949204
6.43803427481625,6.44834243067774
8.67700736245808,8.70821721955107
11.5720593923524,11.5465442780779
11.3031856273069,11.4437826299419
2.67303818706781,2.58972567127723
8.10758455477137,8.10238775448835
9.84111713024245,9.87016079933769
9.57192870431308,9.573622261291
5.89749786565563,5.79892857520902
11.3188286611013,11.352386281431
10.0297061083003,10.038818239458
6.2873665044077,6.30758719110609
4.23770945271444,4.27176200532907
9.05954829315217,9.02341981520562
9.26260712759804,9.34515813495695
8.68071784285857,8.59244885927624
7.50945315906331,7.49682916751582
7.91215024885426,7.8702785056771
7.32222212298275,7.3280769375135
7.52754529410314,7.56057687382962
5.33870632092462,5.23927352659893
10.3485096445453,10.45198782638
7.2981015576648,7.2876399982766
8.01049070772826,8.00786412651216
4.32993059628283,4.39734615783714
8.94704389685695,8.93713950660702
8.87536523628,8.92139733325727
9.98217857370049,9.83649476368572
10.5806798937849,10.5697519151502
7.96988972819026,7.96367658491835
8.32129632102908,8.30994784144048
7.02740547199519,7.07799047252097
8.79857497703712,8.71184198325875
7.32355313778154,7.18037608041725
10.7011237867056,10.7172337819088
7.25413120603854,7.2763049488544
6.94303352456855,6.91546368005889
7.01805092795355,7.09494906061582
7.63609379338332,7.66567942910239
9.62562684268922,9.63252525869666
7.41399628121443,7.39742941717013
6.21745770629028,6.15484937925055
13.3969757737241,13.2788730247205
7.78496981638443,7.87366530886092
7.84417310466999,7.86317697186444
5.95115700544474,5.9772544919917
9.36572200233159,9.45836257001005
6.17363585253858,6.03642216750234
8.12407743899808,8.06879658860513
7.30984625797322,7.32637156975438
9.3871657724339,9.4818503550043
5.77505792473899,5.8004427375042
7.93628704269526,7.91297067363686
8.10043186069278,8.15706792684688
8.98047100246389,9.01417927502098
8.76809317704062,8.78832109803093
6.98878447176931,6.98348788560802
8.55846992951949,8.59220249066794
7.77315120727964,7.77925948062218
4.09120309269948,4.05059236232977
7.07318086404854,7.05950742036337
8.11869599028806,8.14268076933748
9.6018770126123,9.69380986344955
8.23221258073719,8.19407506984915
10.7544724588712,10.6996228275916
9.65613976312605,9.62787402302475
8.47142142318728,8.25637122289313
4.04611025273654,4.15663404532937
10.3203756403902,10.3410306552369
7.14266546704131,7.11604363980585
8.08942782755217,8.02061599744019
8.36304747219621,8.46659210049372
7.724679723715,7.72034348894726
7.47029903638899,7.50599406207481
8.45712525725989,8.50856616233759
8.92238027997285,8.95474818862948
8.63646529465653,8.60559110031127
6.39727285687713,6.35894410914579
10.4964612898037,10.4844925274618
6.01090782294569,5.83834887535371
6.49775623225231,6.48821949056026
8.34026338361563,8.36298175617359
6.45046732620539,6.37512683728149
5.03370064611464,5.04583812305876
10.2328628710089,10.276476850501
7.60291354653077,7.7290253994894
10.1845615265714,10.232330899446
6.39568433760514,6.4034872903634
7.83519944844183,7.88194807546602
5.43022942395969,5.50624213302937
9.87952416086878,9.83343513420726
7.48795806026745,7.5003009502396
5.79529571936232,5.76943358558276
6.90522858399062,7.03027643285097
13.0923897419398,13.1623124520722
6.70858835598667,6.67351127947517
9.07408396030532,9.24052439560457
6.49754001538466,6.35252167637028
10.797516686054,10.7918053063947
5.84585452192128,6.01579456786838
5.38845531670461,5.60869219641781
7.12262642647989,7.11116919762816
10.2664908223221,10.3921425168119
5.66823904666107,5.64299193767312
9.64945479885802,9.66360974477402
8.36691642865505,8.37558150564125
9.83051203914186,9.87025795720306
5.81455848871941,5.81679105720182
7.83328833986272,7.80811100309024
10.1888786198147,10.2087956335711
7.40367682628701,7.38885006526921
7.04137330620528,7.15106943951859
7.33051418927006,7.27462583288994
5.89016095016837,5.6993203955223
9.86691882655742,9.8849105384895
5.33140950003324,5.3764412712868
8.91147428387091,8.95889976903346
6.77474104857341,6.75211131113533
8.54133408032793,8.49364314001404
6.50929643694388,6.48570813652235
10.0719700294696,10.0567221839951
9.51574305962063,9.42469540849689
6.99417676530588,6.99409741614678
6.17682997492368,6.12281654921491
11.3053259820409,11.2632434872558
10.2007513017791,10.2389111249022
7.46315811660376,7.46106287687388
7.08510514202368,7.03074802451597
11.4642428001357,11.4964035058621
9.97610721381068,9.92725363642646
6.91549465963254,6.92100049154632
2.48949830690734,2.38869770422241
8.50341101211823,8.55069770168823
5.81831444325191,5.74554474434125
9.45090165778846,9.51002367961792
8.21336127619129,8.27873046978619
9.20325217517996,9.25562560859375
8.81763333382773,8.86354947492152
7.27068935127126,7.25752564131385
5.6983737087708,5.5764142826757
9.12534964549505,9.09798637224959
6.94431865983688,7.02031142095461
8.43294770543877,8.38911881321464
8.43730341727473,8.44139399132704
8.42926461300162,8.42239300988104
7.38550218217041,7.44339932075992
8.61229896121537,8.59557739829838
6.9825255783509,6.99667828712913
6.25489424445617,6.24297445132324
8.4185610927153,8.48076706161842
9.19767453862016,9.18246454217631
6.479295021805,6.48905211002014
7.44666330092449,7.42817815750524
6.98586799905411,7.02804811502839
11.2683535426081,11.2647920878146
7.16606855170196,7.24980456887061
7.09748816688795,6.90966084686704
6.95383471360272,6.9456578975721
10.3935516689876,10.3402126738189
9.98244167972413,9.96180997198755
5.85118549767722,5.84149965277962
8.08172444115321,8.10708001281358
11.6508417460111,11.6538808195755
4.64225519339462,4.85694854137807
7.62981457756373,7.62086336146127
10.1898285867689,10.1156773331328
7.18402953800308,7.23946331418543
6.08375278380023,6.0136298862547
8.74921003774503,8.84309214998682
6.73611186895696,6.73507125156934
11.1980189870141,11.1258291071447
7.11567269967045,7.13572679313263
7.29395750735514,7.25202358610158
8.89591722275117,8.80665277962032
9.1247764728457,9.05572653593955
6.10847953776462,5.9297775883973
9.74062871625681,9.78678500489682
9.72334106520895,9.73859223031633
8.4852564779752,8.51311344859435
3.76056047528726,3.91886234193986
12.3147338920218,12.3612375853596
7.14577029646883,7.13161289578916
9.37054859584281,9.35411117305196
6.23006017676148,6.19230241346486
9.91630074174765,9.90930459178357
7.0346075881889,7.00964799783477
8.66172322048045,8.77093726753666
5.87530695510004,5.80531740386217
10.2264242959716,10.1663174747916
8.25274071148241,8.25266718626973
7.88398503264165,7.8627636519442
5.43961122503052,5.52289930383752
10.7825736814099,10.7834185422385
9.64322176683496,9.63700183818385
7.30536981691997,7.25051781490407
4.03743199590827,4.48376732036956
8.16043769908629,8.23658525510549
7.2842197544192,7.30761720595911
13.482557055119,13.5162739204041
7.06579635427939,7.04353527270476
10.7088576186428,10.8519268198521
5.9489297475803,5.96322822752691
8.897633394355,8.88993448979179
6.93448870655713,6.89242568893693
7.77381907462427,7.8010424686432
5.6465516223516,5.69882007832383
10.131989260181,10.1132144056591
6.52763003431987,6.52891876784212
8.24345738778754,8.26242443517038
7.9163247947456,8.01612201955753
9.39968476622332,9.38748133348706
6.78156105463735,6.77948283593484
9.49189614978244,9.48666403069739
9.14657342196074,9.20866383774419
7.59268730841886,7.67814375236576
7.4115121001275,7.34768218263044
8.26057687831736,8.17953114899506
6.73175058862698,6.61530893085384
9.23856308712657,9.21927303440452
9.83479682933699,9.85379418281003
9.30717097940346,9.36881711112464
7.65463061349486,7.67023217278283
7.64177563942142,7.65961723743626
4.91471731292728,5.02322982700153
8.1434535034513,8.18929120760367
7.58532471908552,7.53831729603687
9.31508728094234,9.20455988744605
5.86723788621699,5.8707406598417
9.31347513482345,9.34888398386756
10.4610859556825,10.4935911500353
8.92144828954128,8.91866410912669
6.27591811462964,6.08081955106591
14.0519071168499,13.9667758568097
8.11266725581294,8.11318554051654
7.15417271874134,7.16903287866842
6.12071305175716,6.18438611194591
10.7146058814389,10.7210981237006
8.69112475857245,8.65653031082401
4.51229045222001,4.83409818517744
4.42729335000515,4.43256920365821
7.93126976413884,7.86471620325078
8.96189505067636,8.96384501213543
8.6944028611303,8.701961320478
5.595172775984,5.50497977803781
7.3621238598926,7.39273798277995
6.89835964334303,6.86799951450743
11.5137529323545,11.6171621863038
7.75435169597177,7.81640526929425
8.94524259989984,8.90012830363365
9.67191869920878,9.72309653604948
6.80515409021561,6.81800879127751
6.14765808928279,6.10655495565094
10.3000297310621,10.3312340453788
8.83440522391248,8.8744632337366
9.28707333033405,9.2337315333556
7.84914808635684,7.84353092530493
7.34237995985382,7.29501330173813
8.63075549373,8.59928857730728
7.91026464080687,7.70525243217958
4.90794097718643,4.93102681988866
6.47471381482087,6.43403956074815
5.35945967652459,5.45217138121199
11.4724651997176,11.4478477679223
7.6842165612967,7.74904018802582
6.34855667617054,6.31737857502053
8.41958703156948,8.4462785231737
8.79255473567056,8.68440338190566
8.77854072624221,8.76422473244374
6.97962176554149,6.95870575889437
6.58471814524705,6.57132886166056
8.46330686636672,8.39733033458693
8.72330130081151,8.69754397179478
6.32367576480653,6.2775894842784
7.80163928065481,7.80447608353475
12.4359332787855,12.5484035439983
4.75369726201331,4.90737707249224
5.4855015757106,5.76950135395405
8.90701200258272,8.87921571490162
9.07781732579271,9.16464794725428
6.92071963761193,6.90714845574345
12.1812596895214,12.2313721999836
6.4224108585634,6.3905089236742
8.64439320609697,8.55203639010573
7.53330347593957,7.49967058752957
10.1108093994219,10.079064048286
8.08317840583617,8.06326278861425
6.62677659222155,6.68510897252587
9.53931897582563,9.57129482119713
7.56343329356726,7.52460842940134
6.76097261736262,6.68156184868959
10.6407636370651,10.7204917302947
2.95856138830832,2.8509936311368
9.65472617121583,9.70347403469286
9.93104124395985,9.96938798273569
8.41952343469775,8.46958267910542
7.02085180235952,6.99495459715705
9.49073064473824,9.47847586025358
6.01666823651104,6.04298537076833
9.28397245670772,9.29284576418575
5.50934862096094,5.46895581607004
11.8403470931367,11.789044824275
10.5353397017685,10.6141240965406
6.55498281079138,6.61343897974654
9.14923071789776,8.98494751299875
8.25926075826992,8.14748264376032
7.79828717020609,7.78587126856358
4.41403587890427,4.27395470061593
8.94822672807909,8.9561237780528
7.37385128859035,7.41584361212929
10.1696952214511,10.1600530184683
8.66283572913151,8.50045159528159
6.73127938978475,6.7367620219278
7.70113085497096,7.63703045853833
9.01998432430096,9.15922823134644
10.0850229378842,10.145051197959
9.34924297753604,9.36807181152804
7.52590861740639,7.4723066494714
9.38692406430953,9.36869639557161
4.9840783626193,5.00956364679373
7.78343643536265,7.80990130705296
10.8917814751345,10.945855273536
7.6504029454553,7.51720615756255
1.30932165558933,1.10464200414331
8.66826011683018,8.68885063548809
7.63612055060766,7.64222329767528
11.0401702617555,11.0233110656264
6.64777059773135,6.59380713805162
8.23786930738645,8.2362441554803
7.7980949218483,7.80847247930273
7.91408214960997,7.79518737407115
5.13943859847162,5.08643755548927
9.47638282332438,9.47828274584221
6.71733662921812,6.57674883232131
7.89377877726311,7.90788351322134
7.34201522017703,7.36352330493047
7.19240902975978,7.15931609328097
8.50260398408038,8.45881688759847
11.31688458068,11.3184670895828
7.81342724639814,7.86474075249409
6.16768467935435,6.26021091361483
7.33343741520651,7.41522289539661
8.95915194494006,8.90223419076925
6.75623414405803,6.74587247682273
10.1528909168473,10.1839814349604
7.93367145914425,7.82804902900959
8.92116078894312,8.94115117337994
8.57899021022274,8.56640149938018
7.44170167340211,7.44452988704175
8.72677350736478,8.69548068673964
7.97661432076847,7.92222218145846
9.15886123724436,9.24620929651449
5.77380466985,5.72354967151476
6.12527184669381,6.14864798752287
9.58915711138155,9.67835964687076
4.95531202365278,4.87272390740491
8.43212260002068,8.47020496744864
7.70385104915204,7.76531233149468
10.1669642717642,10.1930755168723
6.8058976450433,6.84567410646448
8.96997025773078,9.04943008753802
3.97708606608033,3.89136351619493
8.48920184254899,8.49901727188336
9.89138902951215,10.0229993080408
9.0454852261215,9.07196163665941
7.09929577860721,7.06990783847909
8.46992844468323,8.4375287719042
4.95064800857978,4.82465547313836
9.13960927138326,9.13160084953111
9.17637726212349,9.15522675505283
8.8954863362873,8.92097062312293
3.52541931156472,3.40610627154008
11.4839030800538,11.4350158714858
14.3280374829157,14.4397607132973
8.80545902279526,8.76320232603683
7.45337443210913,7.48600852733736
8.44225562468703,8.41431310332167
7.6569492999834,7.60258616836801
8.33920372296891,8.34361870763778
5.33223614359992,5.26643747721397
11.3317333217428,11.2990525036522
8.29178866840334,8.24645734847107
7.66760583399744,7.64840970126592
5.03004483306059,5.15679839580661
9.2981633631314,9.30918364345087
11.0169107219263,11.0050427491718
6.9672261535904,7.04238830488242
3.02229078069922,3.23658334086646
8.1168697329851,8.12904789299037
9.1426839148894,9.10221741705281
9.46431357384014,9.43728049010572
5.84976340973812,5.8446019093978
8.77858092173367,8.74845221876915
7.67625041775015,7.68302018830864
8.97974356844968,8.9535996398511
6.29187075413737,6.24375952875876
9.62135208545055,9.5847380298109
5.97474541517184,6.15110702222435
10.0844945118245,10.1187654261556
9.82406644126863,9.79881844676386
7.03149738367874,6.98793166210922
9.53030526469867,9.55054644821006
8.95929020923481,8.97291297171366
4.14386220638713,4.09787190395454
7.47468049360532,7.35631532249671
7.69411169235204,7.71585533380235
11.3467635525685,11.3723169791559
8.32864122786343,8.29555680546287
9.36151841814372,9.40283638310793
5.83692768714017,5.86402504079342
9.88498555485785,9.89252651977642
12.1022567846975,12.1852679419487
7.05010866169789,7.03874858450674
5.00620653778212,4.92937348579731
9.45647470008939,9.440201707796
6.65094381621424,6.58588598494371
8.13905638393021,8.16800553567171
6.2968156355597,6.32430442279664
11.6358782146061,11.6304674510259
5.82472064255185,5.7765705896145
7.23373296748383,7.17003300425427
6.24089237173956,6.26532940673283
9.63465281440175,9.59428480112833
5.89344493370707,5.86009334728646
9.30816450661144,9.38093011058625
7.06391696307255,7.19528958124638
8.81469722464439,8.96195116205505
6.60969226344857,6.5753462940325
8.05150822566299,8.00511906401911
8.2514997536237,8.19660834700436
6.92526410070099,6.78218828755071
6.62927511751937,6.69166880022752
9.7019708813898,9.63251087503527
8.13345341966247,8.11613781652519
9.68958891535764,9.64989347388692
5.23229104979544,5.27335689617731
6.74163762531574,6.79134174744443
8.47672949886602,8.49325696782843
9.14304107648375,9.20768940950247
6.68517088300655,6.62931506066331
9.7556065195927,9.6792515925178
9.62721785560184,9.62094205322993
7.61476559780963,7.65673243805243
4.17275362668783,4.08170106209697
11.3923927192315,11.3767913032884
9.12166907867194,9.07361799553215
7.16047727485556,7.11490844526402
7.2004238531169,7.22230547039843
7.30734567322908,7.28096777080634
13.7154442428449,13.6937815239243
8.85359310392252,8.74079103629115
6.6252357853407,6.51777472546407
8.76872948148969,8.79287393391004
3.73028270687008,3.70708212360937
8.77562820659747,8.75599527911415
8.60247856883454,8.64769667689072
6.13486127283994,6.05047109937513
8.75332735462736,8.67402730020028
6.2144411651689,6.44344199768564
7.68349388529375,7.7493754525714
8.8880117748482,8.93130522387599
7.67401211124786,7.76998193908353
9.53875455667269,9.60248419872987
10.2929507591705,10.2893128821981
5.08765867343021,5.16554308401371
7.22430162862197,7.26486589205924
9.46365135475236,9.42713385187071
5.99234227730631,6.06572047694167
9.83909624669382,9.86124792224698
9.50773352576424,9.52179648933886
9.86667116952128,9.8397686371438
5.70810474294815,5.69751718377759
9.76270389094205,9.76202407203438
6.56491158861479,6.49997992199136
9.14471886342131,9.13605668588362
6.11485093913844,6.07374110304763
7.04043313221671,7.10608281858203
8.62278241898831,8.57565562221706
10.9613501240025,11.0015237092458
7.79636573516641,7.8199438124398
8.35745880969651,8.38173879005458
6.67319191243408,6.72066254820915
11.5797906839664,11.5672825663165
3.08448924331119,2.96232457679327
8.11521126505561,8.17477973004092
10.5814150387928,10.7002316581189
8.40197985002816,8.39695692604409
6.08342252762735,6.10495112437497
8.88630554872752,8.84911097252071
5.94224651409937,5.87985480255924
9.41365883076931,9.43581888446055
4.99673725684281,5.04511475427738
8.3378774168355,8.31197561767264
13.5458525451822,13.5576937663004
8.85012652003282,8.85944436016589
4.73640866754027,4.71440513075512
10.9075409055088,10.8668610862815
9.01442665246782,9.05482111706667
7.37817933258685,7.35734358223141
7.64335682706552,7.80248471773325
10.7792037014684,10.7396559475946
6.48017178296305,6.48639305824108
9.09028024108958,9.09915953948616
7.58424135504387,7.52435995007043
5.95727790965718,6.00765123143649
6.76998303635805,6.70422843708508
11.4020308495993,11.5993977482778
7.95175343375903,7.95843384303351
9.61246525330123,9.61420003872157
6.53867588834773,6.60564677240116
7.58831921335198,7.58265917808249
5.17181357887096,5.1239869273997
8.4393912689524,8.36203892760495
9.4016146322581,9.40152488210714
8.23329515995933,8.23898511576713
4.37795334240398,4.54419346931526
8.72082049225545,8.7127931212026
7.23099866082024,7.23105499488642
9.26463633327783,9.30149010816915
8.20353888508359,8.30572285757698
8.37682303696132,8.41035139965581
5.29654515009218,5.23859793044908
9.70010493677005,9.64417885614811
7.89463923928612,7.7644713267797
6.96893393289504,6.99357579088017
4.41325457943367,4.46197099625358
13.4112396109095,13.419058195055
7.60574748686185,7.58636631501479
7.4938099268693,7.52426665165912
7.25260286485215,7.31177564680248
7.71755898502073,7.70482942411086
5.41536754815686,5.40192949990179
11.0237801927955,11.0737750590582
9.38823885004501,9.37078423045259
9.98053498301669,10.0256271255263
5.49663975278661,5.4249929241486
8.22346357546051,8.21062016885686
9.36246339286968,9.32609589518722
8.88981624071142,8.90122079862436
8.81034382128962,8.91171350297686
6.92061184336598,6.91754548403209
8.10146350699793,7.98279944387116
8.26437900277688,8.26080704687085
5.69265718953344,5.70817952672429
7.08658494090981,7.05559694839558
9.04958163467624,9.07267325341993
10.1145400652659,10.1422753464274
6.19897619475154,6.23379662697548
7.74229814385078,7.7825684816949
8.34377111685143,8.32457038830207
8.5418521884001,8.56135951132749
4.54864972552951,4.43035492800426
9.32788115155042,9.37713892588071
12.5480898270246,12.4834642812618
9.40515986850195,9.39938462963779
5.85302726219832,5.85821326832964
7.99481695175363,7.92386009830078
10.8325177972422,10.8741864518525
5.13531981710305,5.42143027724866
4.59600600535826,4.55262288215505
8.7569102580778,8.78043862886152
9.64322136794745,9.66020065214705
9.22390989685525,9.22241517280242
6.87093449035554,6.88704544104347
6.7552959776079,6.73886559569088
6.6645394240447,6.71803637292723
9.58079304012337,9.54630930644344
7.55437214682108,7.6308374177929
11.16964337217,11.1911275171129
7.27816940004286,7.30034508045816
8.2002028919914,8.16350949907571
3.78975955606107,3.94456310963332
10.3668447047949,10.4057385519537
8.17243958492632,8.30237531466764
7.26856809302211,7.22657400824728
9.03751503340813,9.060213166673
9.95500160191636,9.96278487773461
8.20508543031686,8.222761298585
7.93190240746462,7.8253592892335
3.7130598753984,3.71868170939884
9.16995764473756,9.17654273511939
7.00670741584625,6.98125710822537
9.71218456925877,9.63116436521425
6.64157264267714,6.59996360718457
7.65974208739274,7.6228532187228
9.75326859992785,9.80086712677148
8.02243613395923,7.97413698407343
4.693468410282,4.58062050745349
8.99517611943109,9.0162736700078
7.71418524124655,7.69719357531306
10.8091046794137,10.8895506122071
8.38960451277964,8.35864340679603
6.88197168975342,6.87877184491476
7.2380102019175,7.216527096863
10.2478531400068,10.2509212627632
4.77029672305095,4.80728042109569
9.16380756289327,9.16271062953513
6.58839708220722,6.65272095749983
7.77820528909393,7.7960056632553
5.37177085340406,5.34270001318961
13.4278168506381,13.4412068770642
8.26421405012354,8.23003900351287
7.7632947577026,7.83874620250766
5.79149925291319,5.76943295384783
9.0977695160532,9.05689589793706
7.97597077750247,7.93601280650221
7.64854706114162,7.66098870700549
6.55327968485763,6.52602058137395
8.67677917738214,8.60315690875278
8.71342833889609,8.65019288197329
8.34679974922774,8.43570247104776
6.75186378820835,6.80198347063065
5.96091148867957,6.00110467642474
8.11053969719388,8.14510871220224
6.21309135052118,6.50031218971843
9.62825307145702,9.6213782512228
8.5013165759129,8.4803630928075
7.46939604384805,7.41790880854413
10.9355624321009,11.04465675011
6.83209946145847,6.81921354369263
6.02943400370462,6.02291292544311
7.12939143243456,7.1044108971138
8.46899675185667,8.46887480704203
6.51858124389372,6.60655657927074
9.78418439425053,9.79693332013208
9.40552179830059,9.39689458083915
7.72171086583712,7.67340162915699
5.26713854566711,5.24879792689786
7.76836207565689,7.7343089059183
5.80101164487183,5.84363980806653
9.89083134431746,9.91689381740045
11.0135078348877,11.0153468723807
6.71878104337439,6.63798767363367
7.28131230622117,7.26038866834222
12.3347447378476,12.42884540463
6.41100554333632,6.39422381999918
8.5805556744358,8.65714013473928
5.08971596000814,5.11513921966076
8.32026649386766,8.32353703923877
7.27001590962354,7.24343347439799
8.88628520794093,8.87355734196105
7.63076571010057,7.60665446682446
12.7930153173696,12.7958592062802
1.13727194996636,1.22470972090334
9.59531299056652,9.6937433097738
9.1462114679439,9.06825885847062
7.34672632820942,7.33857311866445
7.70392270492001,7.67243418539027
6.65104790732729,6.76903684344943
8.75547726740149,8.8215611820861
8.02502334906,7.99372987718918
7.05768877377506,7.11465202232133
8.60618976812794,8.70150312622009
7.58013172602135,7.55835610617072
9.95268602642825,9.95672011709796
7.68883177571134,7.66082490828629
7.73245004703518,7.75413513089928
10.5807110370873,10.6057291629559
8.02483890863209,7.72994245108649
5.66731542357019,5.65257137133968
9.95149256464451,9.90714679681343
8.76091603946147,8.88565596591937
7.22471340809406,7.13349007389596
4.14708480962004,4.26449349438836
9.86261029351762,9.97515183982664
8.72265282649788,8.72777529701119
8.68356031311816,8.69625047309852
6.3047349686759,6.23687962534008
8.2872865386923,8.27557225625983
7.31985919299662,7.27820355646048
9.53866880404808,9.46358815442331
5.48200240011582,5.43277768912026
11.1621647793132,11.1650359887489
9.60578461751283,9.6039688355792
6.7647783459934,6.78125792391245
6.88988822806891,6.94098694741911
6.80086855366837,6.80038317528035
6.67161727737615,6.66204776427208
7.79324375949445,7.76442764280008
5.38621747706495,5.27271508465604
9.95373697684498,9.95530458518276
8.05552462120087,8.06661666940624
8.58321605577264,8.53767126160896
6.85623143110397,6.80011065790272
10.8966684844254,10.9586533361387
9.04172380980978,9.08417762317695
7.80255201957286,7.70172364858111
4.72820215490808,4.63500534010035
9.74112817194838,9.76143835460743
7.26531021277383,7.27584081688764
11.0281508979653,10.886724813621
8.50096311832934,8.54239828145174
6.70960433309147,6.66876235078788
7.04758889384314,7.03569022328686
10.5071484728698,10.475788676999
9.71947673100047,9.63674535298826
6.84773132472337,6.85430140966638
7.19637730084625,7.33801780642082
9.73045368376006,9.7850533936941
5.68515142185323,5.66399742432044
7.60848720791475,7.65916310182685
7.53972850303178,7.52519061337075
12.2764489396901,12.2864445956254
9.35337588965337,9.38408834745782
7.77840499844931,7.86331244537643
6.53036210163786,6.57471318719805
10.4987609238591,10.4971684428358
3.44603404654524,3.41855539769899
10.332317976141,10.2968714904121
6.82989472886901,6.72291917083056
7.04983501541159,7.07089290627309
5.97149358319461,6.00509509527288
9.64879507492309,9.66711980988031
10.0314659187558,10.0103221160018
6.62233585226982,6.69284775470159
1.5335764791747,1.76794184173957
9.66320343775953,9.64470646029963
9.40367330992003,9.47934687044743
8.51656437871041,8.58338038212415
7.9302662918903,7.97942637875566
11.0661619822932,11.0776403298432
5.98609642202121,5.95876644108687
8.25686448447211,8.28072311681371
7.55106339727897,7.45715996200266
7.29460566814141,7.3150696554797
6.76426120206297,6.72166975552151
8.30834307698981,8.24424237307267
4.91230013042381,4.81519212183576
9.14617354229054,9.16747068276855
10.2269055193087,10.1931901399594
11.1811953371108,11.0930833057477
5.39397615437345,5.35248937650857
8.21617551989226,8.23755884969812
9.91259539181261,10.0555536579895
9.06634924314996,9.02428050887805
7.11585383854859,7.11353822648358
8.61134566457747,8.6493823471969
7.58748353612932,7.54806745121927
11.6721851551104,11.6978352592381
6.68868878933843,6.72621592193386
7.02309896798267,7.11383769451212
6.48523296443091,6.44578676458447
8.66615538927784,8.57014325776345
6.13090368554017,6.11905319947243
7.7514851397428,7.79259216778904
7.43396031760181,7.40041253168334
13.6390472429283,13.6895541785081
6.42348354986691,6.34561804931224
7.8902867953201,7.89889895277551
6.59870494934711,6.59659473008519
9.13815764165668,9.13459414989279
7.64694088193329,7.71676145541941
9.21565438607441,9.21162507367832
8.6193147731841,8.5725577034865
12.6350943226997,12.6124531508547
4.65496928242943,4.65749093336468
9.30138249387698,9.30936224277076
6.35614450818263,6.33401414456716
7.71596006071771,7.5949976884716
10.7565538599675,10.6693788710572
6.82898604794994,6.82762581832326
9.57379165256499,9.50946695416206
8.75870404133403,8.72134921620527
6.88499200353455,6.82714489518585
7.23341796559199,7.2431327918686
8.36958139079243,8.37515227326911
9.3395050763354,9.37846838007537
9.6255172775695,9.61396454796406
10.463654424691,10.4100744576105
8.47822466671362,8.44387078592795
5.86822655880078,6.31433496066081
3.92332867734095,4.01508931087319
10.6784137047184,10.6513734641342
7.60382715649061,7.63020123440747
6.33726971685718,6.35420052354746
6.27632262131437,6.27445137836733
8.08836069632892,8.15417984494901
9.98342205803641,9.87595241229998
8.51873555712491,8.54053593215735
5.12712633004838,5.13987251815856
9.16514065073435,9.16420156946394
6.18755751683981,6.24925969856421
8.90877433114852,8.88210208626429
6.55492144785667,6.61488343236005
9.97482125096243,9.9415563951327
8.43613144594969,8.40932304153589
8.04074857902146,7.97633074355094
5.90851779130406,5.97233234661259
6.57721572483324,6.6614839507521
9.8697966594432,9.80890976390689
7.01142083294049,6.97604096107525
7.07134792083827,7.03339283136251
9.87511481288082,9.8529695471903
11.3321832218507,11.4220851864301
6.42788128078627,6.41534761821613
6.32116788811133,6.51249804531746
8.53386117619997,8.59254423209073
9.1167799347052,9.14969406862531
6.74963899992666,6.63710908638896
9.93059788650859,9.93261925172059
7.47380516772677,7.48715933074182
8.75742930377267,8.72788045746302
7.01231326278417,6.9983369030215
6.96371646363608,7.10684802083835
6.13341321438759,6.31203787234348
12.9066580282201,12.9821176551892
6.04579443942711,5.96232430831367
6.64743349186603,6.63825048385164
7.32929717509457,7.38139822822883
11.0044052510888,10.9894433949617
6.20353190446544,6.12267000654176
6.06317640068022,6.06378601951176
8.04233857111718,7.98247982933807
10.8745978997509,10.8730680960976
8.86612889580397,8.90337861201444
8.67629585156024,8.675720041868
7.18370454295102,7.13063239515663
9.48552231943872,9.43592398794722
8.93514311618089,8.93405470055062
9.40378545250775,9.35458035726966
5.04961351359889,5.25647452953579
8.7814783327088,8.84515863388145
6.36148568614078,6.25807177241407
8.54008655207946,8.51893580802728
10.5444139875966,10.6371697300524
10.1346786430341,10.1846451097819
5.00067636346376,4.90996223934806
10.8591188739625,11.0003714458855
7.63881176424059,7.70454618072912
9.21632382938366,9.21125233383567
8.3666960454113,8.35127020555233
7.97470471404282,7.95839230641568
5.97779742794164,5.90526433326726
7.98069843804409,7.83911782264803
4.52314320436752,4.66374534316215
6.89051248560817,7.03325827640208
7.78212215823068,7.78572998008356
9.72244526073198,9.80482210647807
8.41165702685689,8.40268570665232
6.94580154829375,6.89667354352671
9.25843810598222,9.24718082595749
5.80533140588889,5.75589540635065
8.47715345057282,8.48764335595575
11.3251474496061,11.4150101720965
7.76431819528811,7.76074059268625
5.97168548672652,5.89645867445553
8.63929047668924,8.60730474235809
7.34296326955494,7.3107415081703
8.77381609620588,8.78221392418865
5.28529741344156,5.25168586841215
9.25867706109222,9.23700910616467
6.85399652972313,6.97441652042821
10.6258137066574,10.6106894183104
5.53719297343158,5.50689217175505
11.0207109100854,11.0613512184982
8.43642155167314,8.45690621971921
7.18123621990875,7.19032031275098
4.51692389159524,4.5434745608016
13.6936806645024,13.8432334430499
9.16325152687226,9.08253357804505
7.56199323558359,7.59990438219269
6.74970743335196,6.78775998612183
9.34186127095604,9.33518091996035
8.16610816024103,8.16707886349606
7.91140576538436,7.91794808701861
3.75931389316437,3.64611790334147
10.5587516448868,10.5807780885559
7.03722918100589,7.11312234783022
8.33262672343902,8.35691150718971
7.24679290675423,7.36037479328856
8.38745553341803,8.48709256093296
8.55143670887843,8.5289503297633
8.73293979353612,8.72069455490806
7.11185770745958,7.15105751639482
9.42891315822255,9.40275640373161
7.92581067368407,7.90395473436077
10.2500585862236,10.2791127367249
9.42643963478796,9.47757642457611
8.71003153340361,8.67312826240518
7.43688281217544,7.43449703483793
6.729075528003,6.64593917151523
6.66679911294613,6.6626668106187
7.53571750890183,7.43599495104232
8.759964136349,8.72864030257758
8.89919084982472,8.89972159340982
6.73398397357716,6.68996961118974
6.44711666026489,6.50009659871777
6.43600844586202,6.39768756692441
10.9898506587726,11.0069293627413
9.29420605929485,9.18404030217739
5.84849887766444,5.89207511220213
7.13274389855702,7.15346434716611
8.87239582849078,8.91579580439639
7.52015041965678,7.55166193333118
6.77963403105739,6.77789406003651
8.07041194836664,8.07180644571806
10.166718296794,10.1215607613932
4.0112432611054,4.15756296160447
7.47183473382215,7.51531929694755
7.68779371602866,7.6810683031257
11.4346584336444,11.467607690004
7.6441163115856,7.72796877960308
8.31955961108875,8.27115890108467
6.73725716689323,6.72729325672323
11.3073521825196,11.3687760002367
7.70003422731218,7.92044151434614
5.10601798830738,5.06124906238181
7.70845626730532,7.73206069141322
8.4646936100878,8.4581002087356
5.09156779395908,5.23964503775469
8.83520182742434,8.81890913575944
8.86027013329089,8.8965116999756
9.49806018253332,9.50782529535054
4.60780758038492,4.55248916129872
10.7161697028743,10.743513815784
7.50610477879907,7.52449206058154
6.60230015488126,6.72296579225304
7.27218974496026,7.22454042471421
8.78510668848837,8.79357212177078
7.72324702935331,7.66109453305198
8.47456320782102,8.45703973653619
5.43917534830865,5.50927229405434
9.25416154938273,9.22667410981016
8.85226194170652,8.92402952012107
8.41432824997376,8.52461385905899
6.9726780075308,6.98873234802933
10.998814323794,11.0076305739955
11.036420456203,10.9853695334603
6.03607589670984,6.30314730413251
6.15494689011756,6.08697653120398
8.33424123778254,8.35709834810799
8.94944683087533,8.99443372224644
9.32400758098837,9.45742130009684
8.6090886855566,8.5568719584455
9.15241721611986,9.10659733873994
7.92813831620824,7.86816899191811
8.19685330867664,8.15454173123515
7.66455918921046,7.75921656229982
9.4419052762453,9.44940520078809
6.18130787432214,6.13297645715403
9.69372306555218,9.70682772904761
8.86106513072078,8.80075597733879
7.07485315537155,7.09107152560829
8.05664610916742,8.05377143218707
7.73801745093216,7.78579871243557
5.40030162261601,5.50713492829852
8.69867431602311,8.70224008886451
5.74531350882324,5.74553670529365
12.0419751077285,12.1623812053021
5.45814559480315,5.45965374622391
8.03341580743958,8.02545003708943
7.21257761981047,7.3218963717279
9.99087497020729,10.0545061020234
7.61557430432785,7.59356184832178
8.05288420520938,8.06298357595738
7.80106874845582,7.82819086723336
9.79439015944913,9.79937352866133
7.14538048568627,7.14053783347694
7.61846783275707,7.47816676930935
5.66063480880974,5.69225053831192
11.5938472156365,11.5454892677465
5.23978637553844,5.21761933012533
11.5757901083345,11.6429136891353
7.81102143414431,7.79911088581766
9.01862791519921,9.06728373295565
4.39019751971761,4.40785423805776
10.3743514386404,10.3413715257523
6.81860227777212,6.83699386198484
8.05129402680215,8.20355602709282
4.0729213041176,4.00880966231424
8.69294811876527,8.68373578015919
12.1726495011279,12.2107183163984
8.48554197138548,8.29233964793198
7.13417721809062,7.07642223117268
9.89716966437687,9.90910770208085
6.53051488416894,6.79802328946223
8.75905928283747,8.67514791091441
7.20312548238747,7.26077034935247
8.68288705238918,8.66310602379451
6.58071360172346,6.48474657075209
9.91929967694574,9.89455250727097
5.7643858251683,5.73765822062976
7.64249040857947,7.52101007904032
9.75787351501042,9.7258288179665
8.53874354196176,8.61082816223924
4.98486675521445,4.95575368754484
11.9747236625984,12.0563447416614
9.23659040693607,9.15965176139114
10.1599183171827,10.1655872847589
7.25710431685659,7.26110484927073
6.87620427228892,6.98466413726018
7.82233136715994,7.85697062073696
7.66057860273599,7.98694742583978
8.10787064544814,8.1285200520953
5.80246372388067,5.75457097460532
9.15774323537181,9.10920898019332
7.30054471214765,7.42332591949227
5.1640999643284,5.410988727866
8.63307151287461,8.62373446586171
12.0150189558956,12.0252541651242
8.01278529543366,7.9662221288081
5.80239175882349,5.68894035417638
5.50887726556262,5.45214778987074
11.0305283569003,10.9403745685662
8.67433458905073,8.72356537689778
7.2581533053122,7.25887646958937
7.9422551694839,7.95427016535519
9.2557497339111,9.23203957948888
6.10815148723542,6.18322778128132
6.8443605225895,6.7961031599508
8.02309985426688,8.03688211374934
8.06021883624642,8.07707879282399
8.32012133852622,8.24962876277032
10.1207265166129,10.0845949102995
7.49596219702109,7.50045298796667
9.98276430924033,9.93888292001475
6.63351745750213,6.63514007377967
8.05802383274935,8.07220317408219
9.31306745817552,9.30784669245575
9.73212699962386,9.70738970549133
10.0007319773491,10.0742559141706
9.31218529296612,9.31280069600279
5.11910513300943,5.13447619289564
8.1160248464541,8.07960301832566
4.08140426308246,3.93537857619401
11.8708652192536,11.8320217108647
8.68853576797623,8.66504293161987
5.83829794706581,5.85510875653985
5.72758887757098,5.75249867908127
7.59376327065542,7.57250958347796
9.01378433398075,8.97185913762585
9.91479113427724,9.82066075476451
6.21227679166707,6.15787873895401
8.52078716237998,8.45468275783642
8.46781939056367,8.43111761065995
7.2919811987542,7.28062206167874
5.55465659850027,5.58457896048808
12.3497383346521,12.2604247111562
9.23939211814815,9.20842625356983
7.32935964847923,7.43743359394602
3.79083555783251,3.5844269983539
8.15031100216302,8.17109116561185
7.37003226160789,7.40321322857439
7.68625157593945,7.65883957710955
7.75568443030047,7.75764621043784
7.79144498694626,7.80981029812041
9.40372747975073,9.40124772565013
4.98564643827226,5.06579625851542
6.93296473133073,6.96124929123705
8.20756394976398,8.19368846876517
10.7154769343038,10.7614242867749
8.27063903994081,8.27252060247707
10.4325900791357,10.5189396855719
9.51048640382754,9.57796960055112
5.96951112498391,6.00534187009868
7.62817851034227,7.66035913812051
7.75866436768952,7.77538791426292
5.50190413765533,5.50374621883928
10.9691890259375,10.9245612634897
6.22661691297111,6.10568395648653
10.6005936578268,10.7122303278183
7.32761729838999,7.30119660005419
8.50279771304432,8.39261855605608
3.18849735952358,3.41561154268764
7.46778698112778,7.46455441318197
7.31450272694248,7.31167070065013
12.4948985543407,12.5744710976036
10.2562776385979,10.2868857033977
7.60263772722432,7.59432772312833
6.74122721199144,6.7717650263523
9.75237069285727,9.51645565726932
7.11339765018052,7.12870952908595
9.50305105989815,9.52016584696172
5.97172608579709,5.98540571594558
6.13912165559918,6.08142332278329
6.09156670909027,6.03708311309988
8.85372614389137,8.89367997459222
9.76664908413598,9.81233711722625
9.5616421694435,9.62841941354188
10.5137947373579,10.6146969276208
7.25507009277902,7.22475132530606
10.6349913615346,10.646554005894
8.25019174881713,8.21404800103722
7.72183644505231,7.5985258336515
8.50461446549819,8.49713822907146
7.68879201236562,7.69683898151318
10.7601787414992,10.584836679099
5.20603983713114,5.35140651997626
5.4227978850668,5.42611150332218
9.19683497226908,9.13003888560567
9.90360070122897,9.87207246098641
6.62992889121578,6.63232605430305
11.0356585484505,10.9709062788214
5.56792900839596,5.64104996230071
9.16593516486422,9.17973097321884
4.34887148989458,4.28889895430311
9.11057561674397,9.0837535019087
8.65057881274293,8.59935922917969
6.21484653037002,5.93296635678587
7.60371484845419,7.59594876096693
7.21703752450665,7.18585495380619
9.56539531183565,9.57004899397534
11.7519705163563,11.7305994098125
5.8717832400435,5.77025175847242
6.83902140042428,6.76063577906876
3.99882382277882,4.01332587058049
11.4599408079122,11.5248299400353
10.2869983351613,10.2856679079415
7.13677057790841,7.12786662988577
7.30823673650386,7.33290277213595
9.00703483159657,8.98962856163703
7.80112707838178,7.80306916138393
8.86376597896932,8.86659341606544
6.23851934248751,6.22323489678334
9.22259379307353,9.26616542301919
10.0890108938894,10.209335246034
7.20594668793774,7.2467002763455
7.64680144696732,7.65461951003841
11.2646475906374,11.2139301194132
3.25462512133649,3.13035628683367
9.82511285161444,9.82009534420109
7.89845575928521,7.90786163473155
8.52916405858237,8.57317405118671
9.498221672085,9.46362338663324
9.02292946554918,8.94525225035186
7.76436814637859,7.77260964408213
7.79499890129696,7.78615336249259
7.44889574361238,7.39617771105097
11.0367807621395,10.942787020119
4.71885069694874,4.7386319667246
8.29418094000178,8.29925259940166
6.27401815222998,6.24539722651516
9.25802897899418,9.2940061376363
8.38063967726132,8.46896258777476
10.4366250633225,10.4511657223847
3.98567589057667,3.84056261300876
5.73488418453517,6.17532683633419
10.9413635628965,10.8289855248154
5.95847596091955,5.9352066210303
5.74714672017833,5.74545480429168
9.34050545384568,9.36801097936881
8.13877284749882,8.16963876460283
8.60400764322419,8.60856200367278
5.72936180058518,5.60459611111438
7.88062369971165,7.88024180929443
8.75023964558677,8.72590498232574
8.49968303947942,8.45791161954045
6.46029784209609,6.46387980605368
10.2066822871251,10.2257419600907
9.02376328644152,9.05554650116183
9.89815293381394,9.91998318231482
3.5863998678104,3.56880795156191
9.3355771410549,9.38690490245213
8.34579780000632,8.34852536652098
9.78181329824599,9.74726781548279
7.07187620091778,7.00964458521227
8.48019432299825,8.57527916067677
5.31055353133669,5.52761154738103
9.88449980941126,9.87120969632273
6.22980110203648,6.22661450756886
7.84284991844047,7.83814140163063
8.07862057133283,8.09657201378952
9.64400539438622,9.56462012595205
4.10058261702737,4.04193666608225
10.1421521646839,10.2762812693337
9.65684107534381,9.63865307406147
9.41324658465038,9.36147570850166
7.11857091985248,7.1694745323266
7.84210825922567,7.83206703793303
7.12534229443168,7.09658083485346
9.72490417073449,9.7256441646079
12.076229636159,12.0398041801388
8.17980713886112,8.11118272957025
6.05716243028205,6.1084481480543
7.89378308685763,7.84585568833228
8.11207948679916,8.13778018763905
9.02394089373466,9.06336552967534
6.32810377215177,6.48140099641998
9.70375882695524,9.72114533543472
7.00081368558364,6.99925549093698
6.85652516996239,6.80448190346318
9.0121827362484,9.05977829293345
7.92195544748631,7.86940742258532
5.88833880850282,5.97981483360183
7.41304194677897,7.34663267102685
7.83372321004608,7.82943726548552
9.38070444592706,9.37181887454996
9.30308435288934,9.26526599101331
11.6224869137342,11.6130413089363
10.613180897483,10.6243577829032
5.76166205257646,5.69711221381539
5.09364037968189,5.04203045432646
9.21293153684723,9.35488785616967
5.65382722828588,5.555203891215
8.52109019106376,8.56048624697157
8.95927103760179,8.95011934152815
9.35454782871644,9.3428458846157
7.595254768438,7.54271091597097
10.8866259634909,10.8741682391252
3.59887604960707,3.5156172432781
6.54850352184102,6.61514298594805
10.1072370848967,10.1509452749674
7.36290650205467,7.46958551771148
5.61147736895618,5.5624139338426
10.7703333272648,10.740815288493
10.4579875946587,10.4683421147912
7.16316180306486,7.2875084284638
6.35355558926398,6.30843982748196
9.89548866988598,9.71825080352316
8.74583332289116,8.7317895926597
6.5692996398094,6.62868859241678
5.70977111747206,5.78023109728074
7.67942499052494,7.58246237516527
9.68714383351774,9.73899478224773
10.7807406906595,10.6870346365156
7.50347441093054,7.55439502765572
5.35770919345512,5.38748394932925
6.37930654078995,6.28234127244458
7.63411955437621,7.64732461489259
9.0527962486003,9.0878175606762
9.16019506774731,9.18373925104705
5.97233302349563,5.94066816433156
12.9646928940743,13.0784409185558
5.85247438586906,5.88334064235805
8.62466442837298,8.67842849297203
6.62829984484152,6.64252526811026
8.15230746158256,8.11057393247109
7.71858875599189,7.71878494951479
8.08114045580164,8.09893165702003
7.32537687717666,7.39443065898063
10.9547216993362,10.8132673049081
5.75355090140933,5.81092846105844
5.12523704975371,5.20412820880508
6.99733560003004,7.02715000348683
10.3070398857297,10.4121130507351
8.76860641743418,8.84476563783136
8.33645090866165,8.30627146159356
9.52900333011,9.36737527865218
6.70507313025663,6.62302805084949
4.48375563611738,4.43691423781308
8.85963607812207,8.84447660106897
9.39517510391684,9.45572958514068
7.61672898196283,7.70720518985063
8.55656909725073,8.56841072210123
9.68402170270076,9.73386975811756
8.01931607517845,8.03173051469771
10.3026020822785,10.2378564710208
1.8208947848116,1.71714979503613
10.2299221414577,10.2758924615671
10.5174934588201,10.594979983099
8.7063259474502,8.67782378611016
6.89126099034404,6.77709034630469
8.62698029401532,8.61719091959481
11.1866569382186,11.2228487162205
6.84367298617957,6.79294707861073
5.56239910391912,5.54764377222589
8.17672251132366,8.14791337546807
6.52946246802734,6.43578833302962
9.75318283676765,9.80028080383158
7.0442100551967,7.08697959173534
9.29435714740257,9.29217074304595
10.6271078720789,10.5911898902666
7.03243886326192,7.08066512232634
4.00689214208848,3.9824505388669
9.14037794840488,9.07182987049666
6.95287975338516,6.97986027465331
5.1089025681877,5.23591161833768
8.84481126157349,8.82939098945943
7.04284371107848,7.00519150239558
10.6909846996584,10.7272957224981
5.79607853533137,5.82260459361498
9.95433806240311,9.95066712580942
6.59558270961532,6.59633861346844
8.90649069899881,8.91758928972636
7.42436729948752,7.40353587717292
9.37110591590553,9.3196763457182
7.99233935764062,7.91177987710721
9.61295158652829,9.62395172173765
6.75107239313594,6.87370720789345
5.97108617831735,5.938562381005
7.80188058036779,7.82671570196798
7.60429251512085,7.64391607425334
8.64738446722061,8.5540328830273
7.18482644726748,6.92490554602205
6.26061455482983,6.2169645177617
11.9525265980364,11.8997520161431
9.68679793166574,9.684059068127
7.33316674725492,7.40071776824225
8.94552486068203,9.0313745502496
9.05885351530119,9.04821796798663
7.7249960516953,7.74782986343948
10.4048959531944,10.4465338550345
5.52843867743748,5.46694183577978
8.82277715861471,8.8176789066924
5.91296577784512,5.89864732366629
8.65226156720802,8.6433434428677
7.6351311131771,7.68199645621216
10.2040856809372,10.0939106076308
6.36845946672931,6.29674853129344
6.41416398624238,6.44512027702316
7.23159777466082,7.08495705131984
10.4963653484743,10.5309977649077
6.26852667642782,6.25152488366198
8.700120576537,8.70393554814828
4.26836573275335,4.60292946164355
11.3607381121412,11.4086497577994
4.79364590023972,4.85351331085089
10.4919764069673,10.4568132271747
9.50913554016017,9.66363356645083
8.49585149087095,8.56795084230467
4.31885620974202,4.26218122972391
10.2839078434967,10.2497546025355
7.60136348267361,7.61886368603005
7.77431139284087,7.75704230449853
5.42494418022208,5.42723786719862
9.69134151287757,9.65379455029812
11.1209885250052,11.1973100570371
4.77740403973584,4.49312017990037
9.34648691713687,9.30748656320074
7.23817922571188,7.24825780703321
8.73157918294947,8.73612812952949
6.55057780361153,6.54575034977346
6.85533932088032,6.89874225370604
10.5706762496493,10.6091392994674
8.91245677904658,8.99114628863834
6.41488062019799,6.35156943545994
8.55863824109261,8.53902287175052
7.55454319819789,7.53712533639873
8.85241967024086,8.74932510624744
7.6353007093374,7.61443709935613
10.5922192548046,10.6486200845269
7.30280860345328,7.28076904987863
7.54221564522665,7.50875790546726
6.72321073718393,6.76677651327931
7.37999622775217,7.2980771675575
8.6644637005289,8.69619447093217
9.91627486061445,9.98040984821595
9.35745477880283,9.3623583723078
9.43990390176405,9.4257778361616
7.48324029475953,7.4316560525377
10.0264894611861,9.85882759735509
2.59782218939465,2.2520632101709
7.49486508404477,7.48822248261658
7.68010609475816,7.63554635624953
8.41695962381855,8.36739146404484
7.54889110528323,7.53523275611341
8.69476531096131,8.6753733545531
7.65490747236762,7.71648333539846
9.62781354465877,9.56430675301861
6.81148727360542,6.85675498203824
8.72073742019865,8.74283938727943
7.15219607719374,7.14364136959525
8.07725505370204,8.09965474971853
4.13340476877728,4.11932138075124
13.3133009440332,13.2868007592556
8.08516592766214,7.97053678579808
9.29130095373762,9.36431916510444
5.95587384656531,5.94676566117947
7.0169759925665,7.00861792085651
8.23665754237865,8.24488259185848
10.3189559670226,10.3140375546454
9.35761086449458,9.30005633795596
6.12985904377034,6.25331634509777
7.16061858120146,7.17216956214526
12.0944355811385,12.0960410945037
5.1966933501413,5.26210268219673
7.7303918490534,7.68834275137782
3.83763684427516,3.97438355837706
10.0817974480327,10.0795522887822
8.02702778332271,8.0295435199947
7.87278102053896,7.83780212501782
8.96542495965904,8.98712469076935
8.92940913542976,8.86391207717702
3.63149157609242,3.48355650860698
8.21756603658888,8.20396167668551
8.2335802487261,8.40507130795155
7.82503777607167,7.82028998251388
7.03223556915888,6.98677708667578
8.70292123483761,8.68078718147851
11.747224884222,11.7546965951547
8.1990334558169,8.20609757722093
5.10779542448474,5.0342938534419
8.29728542698892,8.24258211444041
7.31348321131212,7.28982157855448
8.75630590445534,8.69241127128499
8.75858917911642,8.90328733368094
7.21577771882398,7.19109081490415
10.2280763326184,10.2529162746202
7.38220570279207,7.52073932064892
5.04688489085752,5.02353304060947
8.79606939310728,8.84084436682728
7.94041385241423,7.88573448434493
8.16517350833563,8.12504703748771
5.19811568553816,5.21034545840439
12.2588935523456,12.2108164465214
10.3367977001006,10.3003294117652
7.4773484065479,7.32089649680674
5.41532023080434,5.44337504300272
8.3851864266922,8.32473014641647
9.42716481190329,9.3844366778656
7.93821847153845,7.77318876971248
6.26493050523953,6.21931446439845
10.2337612001235,10.2121830911569
8.05617755734519,8.07568922640666
9.47143736795594,9.47375384997314
6.4641492738269,6.42213297518847
4.4214300773043,4.93160750056347
6.73227459791701,6.6942745609542
7.35310495942768,7.28579721791276
7.43964184666609,7.4395415065563
8.78791630295042,8.72458028490775
8.18457535097185,8.17245219891728
8.93695999873564,8.96600202460624
6.37655291749244,6.45153779048584
7.64314579087761,7.59331124404657
8.96942166338864,8.92647880924165
7.70256204678264,7.68686485653133
8.40881529687436,8.43548378291055
8.57157625397656,8.54380208962111
7.5823200446326,7.55335614169314
9.5931363339117,9.60905785585478
6.77130128113385,6.72057245416469
6.94201633815119,7.00086488083958
5.25142464328129,5.59599344002433
10.4474146292337,10.48052368634
8.22468952091539,8.23554733712619
6.90486118396762,6.90310000964544
8.63544239650153,8.68663135980851
8.32444441492848,8.27545822320463
5.31471548509213,5.35612246885472
8.92838363827057,8.85952630369595
7.43546481062435,7.48935089820521
9.52660617507577,9.51591262085805
9.09009260443685,9.18840628309111
9.04857518316134,8.9420734089026
6.70508874117873,6.62303110222548
13.3951513704216,13.4807202088703
3.56362502417504,3.68664992716309
9.36864543447002,9.33021779637583
7.2879465188827,7.29324192298805
8.93875988698907,8.90680230227282
7.65282336339653,7.69278724175682
7.55449646229957,7.56899068009102
8.03638132788178,8.08111127230852
9.65187547825891,9.62229047241441
7.00853063373998,7.02604064918888
9.2161837854649,9.13210259681307
8.42984162048795,8.35825297822566
11.2531853770064,11.2421081401349
7.88445528497463,7.89260035238708
8.40248179924241,8.39948988639438
6.58124282696536,6.58359294736725
9.21285768897798,9.3075587523019
4.45222329122878,4.43544203088539
9.78858954325851,9.83697568824767
9.51404313606345,9.50632039571802
7.02270245027925,7.05479874448537
7.0346168737099,6.99981032093582
8.95590061740535,8.8947414404464
7.22403018099385,7.20977490818481
7.74361829142148,7.73228061762773
8.50561886747835,8.54641839471481
9.91125091427939,9.81561554329377
7.86701919593289,7.83627601192839
8.77368712111024,8.88506981323204
5.44396479254428,5.46712987117321
11.2734660169734,11.3015417888755
9.03225053299327,8.99766871886725
7.76232035801269,7.78639829237354
2.60579921955672,2.40486428227324
5.24316257809079,5.22238700030579
7.85792359005772,7.82677800902705
11.7974423371885,11.8061240950947
9.85325924799428,9.8331966161423
7.67590366340305,7.56298795113063
4.84726907959545,4.88613052855674
9.89859879652063,9.82450646530953
8.85331189996194,8.90311337807912
5.85604615053004,5.98041813586674
7.27139447807075,7.2962894404046
11.2967196535041,11.3377905536949
5.32901934076921,5.34403461821293
8.59880423980158,8.62507037239983
8.44193575838289,8.68680598814643
11.686166197132,11.7811620790779
5.70754628618478,5.57689666580271
10.2179109035918,10.2009983934173
5.90242145012033,5.86735009584897
7.97977905802354,7.97202690910857
8.20856043562759,8.19719671091987
9.26106186517285,9.23249078927326
7.25493021019016,7.13774079006143
10.348732946304,10.3427978911115
7.1470062134976,7.17116664223259
10.1542650588593,10.1699862054458
4.76056873312308,4.75274713095888
9.49446451444922,9.43409973064446
6.02350048927787,5.98854551815486
6.63322805402265,6.65198851762467
10.1481757127518,10.2185402507124
8.125236406363,8.08775841083683
4.15550234319776,4.12071752014593
7.63766141408064,7.63708158944291
7.5619616892665,7.55632739453112
7.23253365515017,7.22378758023702
6.01707529085044,6.06377480504137
11.4169444742647,11.4555642028397
12.2270525361918,12.2153788785463
7.6330688236612,7.55822967136321
5.38826018130202,5.37055603689908
12.6733426607812,12.6788150938795
4.5856863414209,4.67646392838157
6.95083786644111,7.11868967871397
7.29307782785743,7.22165740399573
8.77973342669588,8.79707133806022
10.3503042600742,10.3692507925733
10.6187408118644,10.4317973027326
4.77802594912355,4.90106079626513
5.70363263425062,5.62927550718131
9.37140101242729,9.31268777783816
8.85022054336566,8.84340440164954
7.70945883273475,7.72348572226588
10.4963129390857,10.3905995118667
9.88089470537934,9.93680516114358
8.46890856362613,8.41716427843309
6.67295475672736,6.72757269703949
7.33779565739117,7.35254362392613
8.9311039222527,8.96554594678234
8.15433125944737,8.26676820655181
6.90552136571227,6.8385887782419
9.30674419898828,9.31350793056771
10.1149148683308,9.89267218788314
9.32438286796849,9.32698015695011
7.07152302849344,6.96853231997707
7.60832097941867,7.4559061531352
6.08381002870627,6.11127275753572
10.8357205727294,10.8339173533236
4.42604448700052,4.27692340695978
7.75375712316947,7.70303128382308
7.20726053165659,7.20629328505621
10.6818100970191,10.6392846835437
6.02189242787313,5.95140905661822
9.72383252757511,9.74350925797788
6.8615287514085,6.85302383866938
7.89909738457746,7.86992522578679
7.53613850334904,7.49128655514573
6.68213548164342,6.64611327598916
8.17334002426725,8.16927948951634
14.6933225698672,14.686016563837
4.85081804860867,4.82151316664357
6.94872487674348,6.97872036422889
7.22460433377737,7.19274229011158
9.81711227748469,9.8629784487065
10.0827704090457,10.2392980383504
9.62345365102828,9.60573220550744
7.6420239846656,7.67436659987858
6.3627761050381,6.32065251607726
7.29144292875554,7.31383205734768
9.42780864019929,9.50227400791776
8.38566275980236,8.40595501209954
7.78335389382316,7.7726464224356
8.63769121525644,8.68096674615608
7.8949051849846,7.77190773127011
8.22149711331728,8.15823140525097
8.69748324453163,8.70519538188835
3.49209226507335,3.3500226637063
11.4745804442584,11.4478836940072
9.04288162566714,9.1004428702951
7.15684466345168,7.15322960486747
7.77724179048802,7.74581071905912
10.1619343417652,10.1548959738056
7.64136693749083,7.65633457862024
6.03533759677434,6.03215355740118
5.89781305420157,5.88114394894873
10.269262828454,10.2931458916052
7.52798005230556,7.53302354789135
9.47185097260174,9.49463651256076
6.69188691140377,6.7175543198476
9.76612680031026,9.78600169335678
9.97984498209043,9.8980143782286
8.59207462998302,8.65342680560764
5.919977949919,5.844057407015
7.36981939558716,7.3145378243768
11.519115818811,11.5420166928893
8.01904881299869,7.88568869299204
6.66744674481056,6.69453253237376
8.976523834572,8.93155079721255
9.34261381331323,9.31889453146976
7.78347220495088,7.74727340743292
9.09100293231724,9.05986567864035
7.48870175464239,7.4963864502702
8.41291972895698,8.42294637013937
4.16536276222253,4.10740226686048
6.84514985822617,6.92100925407828
8.4218556041798,8.33346536089932
12.2300841804898,12.2698668308676
4.3114324586583,4.3974963802534
8.82882438567852,8.72355614775513
7.77854635866076,7.79631830648904
8.38083668458356,8.33961120018586
6.23460182347698,6.23687410736173
7.67243883899542,7.62563989110889
6.68130887300329,6.66346748292064
10.4323298634622,10.4679412233989
6.95786815923234,6.956196950327
7.41776146561279,7.39726049522381
7.4799450616315,7.4403907703133
10.7688992011146,10.9623917629945
5.93788538758744,5.97339113999867
11.8553964741083,11.8048032123448
8.04105498734333,8.03191421712483
6.92368621569164,6.94258023178959
4.0995745046924,3.97174967346978
